,index,algo,cell,dset,measure,rel value,split,value
0,0,stm,0.0,1,corr,,test,0.524730981559951
1,1,stm,1.0,1,corr,,test,0.48611735593820293
2,2,stm,2.0,1,corr,,test,0.4545474193573354
3,3,stm,3.0,1,corr,,test,0.5120643385102494
4,4,stm,4.0,1,corr,,test,0.560147979737305
5,0,chenkov,0.0,1,corr,0.03828186548428936,test,0.5630128470442404
6,1,chenkov,1.0,1,corr,0.10153923614115834,test,0.5876565920793613
7,2,chenkov,2.0,1,corr,0.09540041326173493,test,0.5499478326190703
8,3,chenkov,3.0,1,corr,0.08538889369205238,test,0.5974532322023017
9,4,chenkov,4.0,1,corr,0.04407095819537321,test,0.6042189379326782
10,0,deneux,0.0,1,corr,0.04835493443494332,test,0.5730859159948943
11,1,deneux,1.0,1,corr,0.12552399822145233,test,0.6116413541596553
12,2,deneux,2.0,1,corr,0.12325559626346488,test,0.5778030156208003
13,3,deneux,3.0,1,corr,0.10668779899612257,test,0.6187521375063719
14,4,deneux,4.0,1,corr,0.06529580591018525,test,0.6254437856474903
15,0,friedrich,0.0,1,corr,0.027281047338941544,test,0.5520120288988926
16,1,friedrich,1.0,1,corr,0.11701590193786837,test,0.6031332578760713
17,2,friedrich,2.0,1,corr,0.11046952196846066,test,0.565016941325796
18,3,friedrich,3.0,1,corr,0.09659361620847329,test,0.6086579547187226
19,4,friedrich,4.0,1,corr,0.054528250770663145,test,0.6146762305079682
20,0,machado,0.0,1,corr,0.007716945115873619,test,0.5324479266758246
21,1,machado,1.0,1,corr,0.062014624819240804,test,0.5481319807574437
22,2,machado,2.0,1,corr,0.08862956972895158,test,0.543176989086287
23,3,machado,3.0,1,corr,0.06374684595632618,test,0.5758111844665755
24,4,machado,4.0,1,corr,0.009005519508597515,test,0.5691534992459025
25,0,mineault,0.0,1,corr,-0.009295393322170109,test,0.5154355882377809
26,1,mineault,1.0,1,corr,0.13230430926206982,test,0.6184216652002728
27,2,mineault,2.0,1,corr,0.1224907456824535,test,0.5770381650397889
28,3,mineault,3.0,1,corr,0.08473671170760255,test,0.5968010502178519
29,4,mineault,4.0,1,corr,0.05508618873398052,test,0.6152341684712855
30,0,pachitariu,0.0,1,corr,-0.028893829006744587,test,0.49583715255320643
31,1,pachitariu,1.0,1,corr,0.05112770552937651,test,0.5372450614675794
32,2,pachitariu,2.0,1,corr,0.027024427148866048,test,0.48157184650620144
33,3,pachitariu,3.0,1,corr,0.06104126288214606,test,0.5731056013923954
34,4,pachitariu,4.0,1,corr,0.03919029359873405,test,0.5993382733360391
35,0,ringach,0.0,1,corr,0.03315889333518951,test,0.5578898748951405
36,1,ringach,1.0,1,corr,0.06281556578261638,test,0.5489329217208193
37,2,ringach,2.0,1,corr,0.06914518231613215,test,0.5236926016734675
38,3,ringach,3.0,1,corr,0.08001469909532732,test,0.5920790376055767
39,4,ringach,4.0,1,corr,0.02449355020462507,test,0.5846415299419301
40,0,rupprecht,0.0,1,corr,0.026346724919415254,test,0.5510777064793663
41,1,rupprecht,1.0,1,corr,0.10850228146214158,test,0.5946196374003445
42,2,rupprecht,2.0,1,corr,0.10527751941002322,test,0.5598249387673586
43,3,rupprecht,3.0,1,corr,0.08586861884112929,test,0.5979329573513786
44,4,rupprecht,4.0,1,corr,0.035940948973130715,test,0.5960889287104357
45,0,speiser,0.0,1,corr,0.05616974830675836,test,0.5809007298667094
46,1,speiser,1.0,1,corr,0.11921217673409867,test,0.6053295326723016
47,2,speiser,2.0,1,corr,0.12801899380084586,test,0.5825664131581813
48,3,speiser,3.0,1,corr,0.0854074469092394,test,0.5974717854194888
49,4,speiser,4.0,1,corr,0.054773657588810365,test,0.6149216373261154
50,0,oopsi,0.0,1,corr,-0.05747256215945007,test,0.46725841940050095
51,1,oopsi,1.0,1,corr,,test,
52,2,oopsi,2.0,1,corr,0.002000569587417289,test,0.4565479889447527
53,3,oopsi,3.0,1,corr,-0.017541628978874513,test,0.49452270953137484
54,4,oopsi,4.0,1,corr,-0.09048613632881891,test,0.4696618434084861
55,0,stm,0.0,2,corr,,test,0.2937624862740665
56,1,stm,1.0,2,corr,,test,0.5006854458672172
57,2,stm,2.0,2,corr,,test,0.4845840364611396
58,3,stm,3.0,2,corr,,test,0.44817260564554073
59,4,stm,4.0,2,corr,,test,0.353773177599277
60,5,stm,5.0,2,corr,,test,0.030542550325374236
61,6,stm,6.0,2,corr,,test,0.42667334512286875
62,7,stm,7.0,2,corr,,test,0.24746190397343004
63,8,stm,8.0,2,corr,,test,0.5250330152501976
64,9,stm,9.0,2,corr,,test,0.17946549615416266
65,0,chenkov,0.0,2,corr,-0.01231310497640098,test,0.2814493812976655
66,1,chenkov,1.0,2,corr,0.01775191172117596,test,0.5184373575883932
67,2,chenkov,2.0,2,corr,0.04302393248688169,test,0.5276079689480213
68,3,chenkov,3.0,2,corr,0.02461110249862991,test,0.47278370814417064
69,4,chenkov,4.0,2,corr,0.057346019290470285,test,0.4111191968897473
70,5,chenkov,5.0,2,corr,0.14482311575270757,test,0.1753656660780818
71,6,chenkov,6.0,2,corr,0.05277816329771362,test,0.4794515084205824
72,7,chenkov,7.0,2,corr,0.011253981669074542,test,0.2587158856425046
73,8,chenkov,8.0,2,corr,0.0633324981756973,test,0.5883655134258949
74,9,chenkov,9.0,2,corr,0.07166075147162423,test,0.2511262476257869
75,0,deneux,0.0,2,corr,-0.010133400103625678,test,0.2836290861704408
76,1,deneux,1.0,2,corr,0.016686707168419912,test,0.5173721530356371
77,2,deneux,2.0,2,corr,0.044764067351246106,test,0.5293481038123857
78,3,deneux,3.0,2,corr,0.013870804921834123,test,0.46204341056737486
79,4,deneux,4.0,2,corr,0.09494166520348174,test,0.44871484280275875
80,5,deneux,5.0,2,corr,0.13558479174357363,test,0.16612734206894786
81,6,deneux,6.0,2,corr,0.0434424683341027,test,0.47011581345697145
82,7,deneux,7.0,2,corr,0.014990235295824827,test,0.26245213926925487
83,8,deneux,8.0,2,corr,0.093914414472133,test,0.6189474297223306
84,9,deneux,9.0,2,corr,0.18902790303062147,test,0.36849339918478413
85,0,friedrich,0.0,2,corr,-0.042033441364705326,test,0.25172904490936115
86,1,friedrich,1.0,2,corr,-0.00898129233531575,test,0.49170415353190144
87,2,friedrich,2.0,2,corr,0.05004543272276857,test,0.5346294691839082
88,3,friedrich,3.0,2,corr,-0.011198119207304347,test,0.4369744864382364
89,4,friedrich,4.0,2,corr,0.09037449835009503,test,0.44414767594937204
90,5,friedrich,5.0,2,corr,0.046451489298243435,test,0.07699403962361767
91,6,friedrich,6.0,2,corr,-0.07666402193465394,test,0.3500093231882148
92,7,friedrich,7.0,2,corr,-0.009205632710211742,test,0.2382562712632183
93,8,friedrich,8.0,2,corr,0.09305977955362654,test,0.6180927948038242
94,9,friedrich,9.0,2,corr,0.17040539866927493,test,0.3498708948234376
95,0,machado,0.0,2,corr,0.015207128538366255,test,0.30896961481243274
96,1,machado,1.0,2,corr,-0.031366087988649705,test,0.4693193578785675
97,2,machado,2.0,2,corr,0.004229392308347901,test,0.4888134287694875
98,3,machado,3.0,2,corr,-0.022907560686368234,test,0.4252650449591725
99,4,machado,4.0,2,corr,0.06305662370260279,test,0.4168298013018798
100,5,machado,5.0,2,corr,0.0186743231225847,test,0.049216873447958935
101,6,machado,6.0,2,corr,-0.11722802735323878,test,0.30944531776962997
102,7,machado,7.0,2,corr,0.014022875814198199,test,0.26148477978762824
103,8,machado,8.0,2,corr,0.03214583890578726,test,0.5571788541559849
104,9,machado,9.0,2,corr,0.1985863722816731,test,0.37805186843583577
105,0,mineault,0.0,2,corr,-0.18918724104810528,test,0.1045752452259612
106,1,mineault,1.0,2,corr,0.05295914873680374,test,0.5536445946040209
107,2,mineault,2.0,2,corr,0.05521953873296509,test,0.5398035751941047
108,3,mineault,3.0,2,corr,-0.0031236857715943867,test,0.44504891987394635
109,4,mineault,4.0,2,corr,0.06331780906831347,test,0.4170909866675905
110,5,mineault,5.0,2,corr,0.10577297484397771,test,0.13631552516935194
111,6,mineault,6.0,2,corr,-0.010255777320505644,test,0.4164175678023631
112,7,mineault,7.0,2,corr,-0.03194276736760027,test,0.21551913660582978
113,8,mineault,8.0,2,corr,0.10102323309368633,test,0.626056248343884
114,9,mineault,9.0,2,corr,0.16139862271064573,test,0.3408641188648084
115,0,pachitariu,0.0,2,corr,-0.014357958857006248,test,0.27940452741706023
116,1,pachitariu,1.0,2,corr,-0.03134658702936893,test,0.46933885883784826
117,2,pachitariu,2.0,2,corr,0.01085802596633817,test,0.4954420624274778
118,3,pachitariu,3.0,2,corr,0.04570130294817809,test,0.4938739085937188
119,4,pachitariu,4.0,2,corr,0.056401091241692014,test,0.410174268840969
120,5,pachitariu,5.0,2,corr,0.0876284524344384,test,0.11817100275981263
121,6,pachitariu,6.0,2,corr,-0.04691716924449696,test,0.3797561758783718
122,7,pachitariu,7.0,2,corr,0.019337130598001406,test,0.26679903457143145
123,8,pachitariu,8.0,2,corr,0.05275040859634228,test,0.5777834238465399
124,9,pachitariu,9.0,2,corr,0.11497146437000058,test,0.29443696052416324
125,0,ringach,0.0,2,corr,-0.12995486487660107,test,0.1638076213974654
126,1,ringach,1.0,2,corr,-0.054136952407682015,test,0.4465484934595352
127,2,ringach,2.0,2,corr,-0.022632263787950968,test,0.46195177267318865
128,3,ringach,3.0,2,corr,-0.06652220081497723,test,0.3816504048305635
129,4,ringach,4.0,2,corr,-0.03865984894063457,test,0.31511332865864244
130,5,ringach,5.0,2,corr,-0.043195444789125695,test,-0.01265289446375146
131,6,ringach,6.0,2,corr,-0.08509387510178679,test,0.34157947002108197
132,7,ringach,7.0,2,corr,-0.09316655440749064,test,0.1542953495659394
133,8,ringach,8.0,2,corr,-0.022884573375262618,test,0.502148441874935
134,9,ringach,9.0,2,corr,0.0541173454352917,test,0.23358284158945436
135,0,rupprecht,0.0,2,corr,-0.05743659498505069,test,0.2363258912890158
136,1,rupprecht,1.0,2,corr,0.04036735938140679,test,0.541052805248624
137,2,rupprecht,2.0,2,corr,0.04917980375245873,test,0.5337638402135984
138,3,rupprecht,3.0,2,corr,-0.001468649370491626,test,0.4467039562750491
139,4,rupprecht,4.0,2,corr,0.0749328760513272,test,0.4287060536506042
140,5,rupprecht,5.0,2,corr,0.04626276152879057,test,0.07680531185416481
141,6,rupprecht,6.0,2,corr,-0.027782122130261322,test,0.39889122299260743
142,7,rupprecht,7.0,2,corr,-0.016952226670831516,test,0.23050967730259853
143,8,rupprecht,8.0,2,corr,0.06531394939878876,test,0.5903469646489864
144,9,rupprecht,9.0,2,corr,0.08113613499481195,test,0.2606016311489746
145,0,speiser,0.0,2,corr,-0.005939074285208956,test,0.2878234119888575
146,1,speiser,1.0,2,corr,0.013622558942065321,test,0.5143080048092825
147,2,speiser,2.0,2,corr,0.03810626795648547,test,0.5226903044176251
148,3,speiser,3.0,2,corr,0.019220342279417546,test,0.4673929479249583
149,4,speiser,4.0,2,corr,0.11024104967166276,test,0.46401422727093977
150,5,speiser,5.0,2,corr,0.13732708422222237,test,0.1678696345475966
151,6,speiser,6.0,2,corr,0.04741389144446145,test,0.4740872365673302
152,7,speiser,7.0,2,corr,0.011052183197796273,test,0.2585140871712263
153,8,speiser,8.0,2,corr,0.05461549801988075,test,0.5796485132700784
154,9,speiser,9.0,2,corr,0.12470036804228588,test,0.30416586419644853
155,0,oopsi,0.0,2,corr,-0.21828148151418003,test,0.07548100475988644
156,1,oopsi,1.0,2,corr,-0.12890678938368144,test,0.37177865648353575
157,2,oopsi,2.0,2,corr,-0.0010784407460220358,test,0.4835055957151176
158,3,oopsi,3.0,2,corr,-0.1382136045448334,test,0.30995900110070734
159,4,oopsi,4.0,2,corr,-0.12660166630433517,test,0.22717151129494184
160,5,oopsi,5.0,2,corr,,test,
161,6,oopsi,6.0,2,corr,-0.33970026827980415,test,0.08697307684306457
162,7,oopsi,7.0,2,corr,-0.1797203202664806,test,0.06774158370694945
163,8,oopsi,8.0,2,corr,-0.04116653560185074,test,0.4838664796483469
164,9,oopsi,9.0,2,corr,-0.06974878523181435,test,0.1097167109223483
165,0,stm,0.0,3,corr,,test,0.31435027264945103
166,1,stm,1.0,3,corr,,test,0.20283524632842764
167,2,stm,2.0,3,corr,,test,0.48901187929741835
168,3,stm,3.0,3,corr,,test,0.291441444954879
169,4,stm,4.0,3,corr,,test,0.4123520683746885
170,5,stm,5.0,3,corr,,test,0.39001925792319636
171,0,chenkov,0.0,3,corr,0.047965608183200004,test,0.36231588083265104
172,1,chenkov,1.0,3,corr,0.08422674623606508,test,0.2870619925644927
173,2,chenkov,2.0,3,corr,0.0809234250838376,test,0.569935304381256
174,3,chenkov,3.0,3,corr,0.07916235917101205,test,0.37060380412589106
175,4,chenkov,4.0,3,corr,0.111190673016621,test,0.5235427413913095
176,5,chenkov,5.0,3,corr,0.013666611220287006,test,0.40368586914348337
177,0,deneux,0.0,3,corr,-0.032465606327724106,test,0.28188466632172693
178,1,deneux,1.0,3,corr,0.027956156200565296,test,0.23079140252899294
179,2,deneux,2.0,3,corr,0.10921550747161607,test,0.5982273867690344
180,3,deneux,3.0,3,corr,0.015522698564945037,test,0.30696414351982404
181,4,deneux,4.0,3,corr,0.1269710088656807,test,0.5393230772403692
182,5,deneux,5.0,3,corr,0.054735904000693725,test,0.4447551619238901
183,0,friedrich,0.0,3,corr,-0.019805955107163875,test,0.29454431754228716
184,1,friedrich,1.0,3,corr,0.01546576318061249,test,0.21830100950904013
185,2,friedrich,2.0,3,corr,0.11823452753161995,test,0.6072464068290383
186,3,friedrich,3.0,3,corr,0.0336996630392461,test,0.3251411079941251
187,4,friedrich,4.0,3,corr,0.16179956245410143,test,0.57415163082879
188,5,friedrich,5.0,3,corr,0.03239084945574505,test,0.4224101073789414
189,0,machado,0.0,3,corr,-0.06640219188455534,test,0.2479480807648957
190,1,machado,1.0,3,corr,-0.005385236491807416,test,0.19745000983662023
191,2,machado,2.0,3,corr,0.11038497799347019,test,0.5993968572908885
192,3,machado,3.0,3,corr,0.0045960683819010195,test,0.29603751333678
193,4,machado,4.0,3,corr,0.15210878636117708,test,0.5644608547358656
194,5,machado,5.0,3,corr,-0.03963711640851547,test,0.3503821415146809
195,0,mineault,0.0,3,corr,0.0010393030236862666,test,0.3153895756731373
196,1,mineault,1.0,3,corr,0.2424641534132544,test,0.44529939974168203
197,2,mineault,2.0,3,corr,0.11806423492306312,test,0.6070761142204815
198,3,mineault,3.0,3,corr,0.210870154554329,test,0.502311599509208
199,4,mineault,4.0,3,corr,0.1851102562046788,test,0.5974623245793673
200,5,mineault,5.0,3,corr,0.02457491289933944,test,0.4145941708225358
201,0,pachitariu,0.0,3,corr,-0.047119249309108546,test,0.2672310233403425
202,1,pachitariu,1.0,3,corr,-0.015142083835272685,test,0.18769316249315496
203,2,pachitariu,2.0,3,corr,0.08757786685592056,test,0.5765897461533389
204,3,pachitariu,3.0,3,corr,0.015181978050663292,test,0.3066234230055423
205,4,pachitariu,4.0,3,corr,0.11084625902773348,test,0.523198327402422
206,5,pachitariu,5.0,3,corr,0.014610447967633056,test,0.4046297058908294
207,0,ringach,0.0,3,corr,-0.008440968599558563,test,0.30590930404989247
208,1,ringach,1.0,3,corr,0.07245490172939867,test,0.2752901480578263
209,2,ringach,2.0,3,corr,0.07183632903425957,test,0.5608482083316779
210,3,ringach,3.0,3,corr,0.08204238484776988,test,0.3734838298026489
211,4,ringach,4.0,3,corr,0.10961907398142146,test,0.52197114235611
212,5,ringach,5.0,3,corr,0.011656067055695996,test,0.40167532497889236
213,0,rupprecht,0.0,3,corr,0.0980177046733256,test,0.41236797732277664
214,1,rupprecht,1.0,3,corr,0.14008777273221606,test,0.3429230190606437
215,2,rupprecht,2.0,3,corr,0.08545200336422937,test,0.5744638826616477
216,3,rupprecht,3.0,3,corr,0.16336244705998315,test,0.45480389201486215
217,4,rupprecht,4.0,3,corr,0.15064161642146479,test,0.5629936847961533
218,5,rupprecht,5.0,3,corr,-0.03664249712584711,test,0.35337676079734925
219,0,speiser,0.0,3,corr,0.029446600321624716,test,0.34379687297107575
220,1,speiser,1.0,3,corr,0.0938605611540127,test,0.29669580748244034
221,2,speiser,2.0,3,corr,0.1111454944307892,test,0.6001573737282075
222,3,speiser,3.0,3,corr,0.06772102323170565,test,0.35916246818658465
223,4,speiser,4.0,3,corr,0.11705507256085235,test,0.5294071409355409
224,5,speiser,5.0,3,corr,0.08739953168930625,test,0.4774187896125026
225,0,oopsi,0.0,3,corr,-0.15263368119298887,test,0.16171659145646217
226,1,oopsi,1.0,3,corr,-0.09258113539902348,test,0.11025411092940417
227,2,oopsi,2.0,3,corr,-0.07512038343303601,test,0.41389149586438234
228,3,oopsi,3.0,3,corr,-0.11308313479033485,test,0.17835831016454415
229,4,oopsi,4.0,3,corr,0.054006004031526555,test,0.4663580724062151
230,5,oopsi,5.0,3,corr,-0.1393310601681143,test,0.25068819775508205
231,0,stm,0.0,4,corr,,test,0.1146934662608776
232,1,stm,1.0,4,corr,,test,0.3278986317875829
233,2,stm,2.0,4,corr,,test,0.31840806138477845
234,0,chenkov,0.0,4,corr,0.004645939200373497,test,0.1193394054612511
235,1,chenkov,1.0,4,corr,0.0753533840775778,test,0.4032520158651607
236,2,chenkov,2.0,4,corr,0.11144274815366045,test,0.4298508095384389
237,0,deneux,0.0,4,corr,0.059711376136933905,test,0.1744048423978115
238,1,deneux,1.0,4,corr,0.044010104480532275,test,0.37190873626811516
239,2,deneux,2.0,4,corr,0.11636296975000032,test,0.4347710311347788
240,0,friedrich,0.0,4,corr,0.0193329922092471,test,0.1340264584701247
241,1,friedrich,1.0,4,corr,0.05235262292476356,test,0.38025125471234644
242,2,friedrich,2.0,4,corr,0.09297894877470375,test,0.4113870101594822
243,0,machado,0.0,4,corr,0.0364290114672849,test,0.1511224777281625
244,1,machado,1.0,4,corr,-0.01402763778916788,test,0.313870993998415
245,2,machado,2.0,4,corr,0.027301784207469815,test,0.34570984559224827
246,0,mineault,0.0,4,corr,0.0009976212344283697,test,0.11569108749530597
247,1,mineault,1.0,4,corr,0.05227369399716586,test,0.38017232578474874
248,2,mineault,2.0,4,corr,0.06367808139907255,test,0.382086142783851
249,0,pachitariu,0.0,4,corr,-0.016730503317736387,test,0.09796296294314122
250,1,pachitariu,1.0,4,corr,0.06684152357971529,test,0.3947401553672982
251,2,pachitariu,2.0,4,corr,0.044469959267586845,test,0.3628780206523653
252,0,ringach,0.0,4,corr,-0.031381593660127216,test,0.08331187260075039
253,1,ringach,1.0,4,corr,-0.08284735572262425,test,0.24505127606495863
254,2,ringach,2.0,4,corr,-0.0597176563153653,test,0.25869040506941315
255,0,rupprecht,0.0,4,corr,0.010868418078502681,test,0.1255618843393803
256,1,rupprecht,1.0,4,corr,0.04499311953584162,test,0.3728917513234245
257,2,rupprecht,2.0,4,corr,0.04674784859942244,test,0.3651559099842009
258,0,speiser,0.0,4,corr,0.07598676139657283,test,0.19068022765745044
259,1,speiser,1.0,4,corr,0.022018956022800684,test,0.34991758781038357
260,2,speiser,2.0,4,corr,0.09688814566545462,test,0.41529620705023307
261,0,oopsi,0.0,4,corr,-0.017704893499663796,test,0.09698857276121381
262,1,oopsi,1.0,4,corr,-0.12089436208619683,test,0.20700426970138605
263,2,oopsi,2.0,4,corr,-0.1201929949592232,test,0.19821506642555525
264,0,stm,0.0,5,corr,,test,0.3420315062593852
265,1,stm,1.0,5,corr,,test,0.3871816041162019
266,2,stm,2.0,5,corr,,test,0.4070990445400926
267,3,stm,3.0,5,corr,,test,0.4360609962452777
268,4,stm,4.0,5,corr,,test,0.4025427167845115
269,5,stm,5.0,5,corr,,test,0.11885055619296231
270,6,stm,6.0,5,corr,,test,0.23133599684688402
271,7,stm,7.0,5,corr,,test,0.21629251728740237
272,0,chenkov,0.0,5,corr,0.1689855943812088,test,0.511017100640594
273,1,chenkov,1.0,5,corr,0.09716329735506268,test,0.4843449014712646
274,2,chenkov,2.0,5,corr,0.07321710705134082,test,0.4803161515914334
275,3,chenkov,3.0,5,corr,0.052546975672472684,test,0.4886079719177504
276,4,chenkov,4.0,5,corr,0.0931557406093802,test,0.4956984573938917
277,5,chenkov,5.0,5,corr,0.1824579812466739,test,0.3013085374396362
278,6,chenkov,6.0,5,corr,0.27120736636923537,test,0.5025433632161194
279,7,chenkov,7.0,5,corr,0.19366546171218438,test,0.40995797899958675
280,0,deneux,0.0,5,corr,0.175533292153021,test,0.5175647984124062
281,1,deneux,1.0,5,corr,0.10467170969400524,test,0.49185331381020714
282,2,deneux,2.0,5,corr,0.021757092711422066,test,0.42885613725151467
283,3,deneux,3.0,5,corr,0.05581748989397317,test,0.4918784861392509
284,4,deneux,4.0,5,corr,0.07415329107281604,test,0.4766960078573275
285,5,deneux,5.0,5,corr,0.16314104407653723,test,0.28199160026949954
286,6,deneux,6.0,5,corr,0.13609427681396877,test,0.3674302736608528
287,7,deneux,7.0,5,corr,0.2337446316014655,test,0.45003714888886787
288,0,friedrich,0.0,5,corr,0.1831004309417919,test,0.5251319372011771
289,1,friedrich,1.0,5,corr,0.10152942298695655,test,0.48871102710315845
290,2,friedrich,2.0,5,corr,0.03445701682195096,test,0.44155606136204356
291,3,friedrich,3.0,5,corr,0.03796922953389292,test,0.47403022577917064
292,4,friedrich,4.0,5,corr,0.08427260995129243,test,0.4868153267358039
293,5,friedrich,5.0,5,corr,-0.034898763630843044,test,0.08395179256211927
294,6,friedrich,6.0,5,corr,0.17307476761310966,test,0.4044107644599937
295,7,friedrich,7.0,5,corr,0.17888584021823825,test,0.3951783575056406
296,0,machado,0.0,5,corr,0.05847534620424921,test,0.40050685246363443
297,1,machado,1.0,5,corr,0.035879802545073614,test,0.4230614066612755
298,2,machado,2.0,5,corr,-0.02919327060737481,test,0.3779057739327178
299,3,machado,3.0,5,corr,-0.02421069481894217,test,0.41185030142633555
300,4,machado,4.0,5,corr,0.0315918327190875,test,0.434134549503599
301,5,machado,5.0,5,corr,-0.06578603781044026,test,0.053064518382522054
302,6,machado,6.0,5,corr,0.051799963987891856,test,0.2831359608347759
303,7,machado,7.0,5,corr,0.041395574911841065,test,0.25768809219924343
304,0,mineault,0.0,5,corr,0.1510152995957854,test,0.49304680585517063
305,1,mineault,1.0,5,corr,0.07370123519430155,test,0.46088283931050344
306,2,mineault,2.0,5,corr,0.004242676374423993,test,0.4113417209145166
307,3,mineault,3.0,5,corr,0.012556390177484444,test,0.44861738642276217
308,4,mineault,4.0,5,corr,0.07932903402958874,test,0.4818717508141002
309,5,mineault,5.0,5,corr,0.17929746280802206,test,0.29814801900098437
310,6,mineault,6.0,5,corr,0.06945217999967176,test,0.3007881768465558
311,7,mineault,7.0,5,corr,0.24977817179683617,test,0.46607068908423854
312,0,pachitariu,0.0,5,corr,0.1602264340993768,test,0.502257940358762
313,1,pachitariu,1.0,5,corr,0.08446448094051129,test,0.4716460850567132
314,2,pachitariu,2.0,5,corr,0.051249108217856276,test,0.4583481527579489
315,3,pachitariu,3.0,5,corr,0.04344247279061597,test,0.4795034690358937
316,4,pachitariu,4.0,5,corr,0.07154837016584348,test,0.47409108695035496
317,5,pachitariu,5.0,5,corr,-0.058183438351907354,test,0.060667117841054954
318,6,pachitariu,6.0,5,corr,0.10135448316217996,test,0.332690480009064
319,7,pachitariu,7.0,5,corr,0.10482695360046287,test,0.32111947088786524
320,0,ringach,0.0,5,corr,0.08152980108733632,test,0.42356130734672154
321,1,ringach,1.0,5,corr,0.05592361433259452,test,0.4431052184487964
322,2,ringach,2.0,5,corr,0.011055797668903355,test,0.41815484220899596
323,3,ringach,3.0,5,corr,-0.0031339771395913485,test,0.4329270191056864
324,4,ringach,4.0,5,corr,0.04387008598740888,test,0.44641280277192036
325,5,ringach,5.0,5,corr,-0.05480204224421359,test,0.06404851394874872
326,6,ringach,6.0,5,corr,0.07580556093237592,test,0.30714155777925994
327,7,ringach,7.0,5,corr,0.041064095598905476,test,0.25735661288630785
328,0,rupprecht,0.0,5,corr,0.15859580295387782,test,0.500627309213263
329,1,rupprecht,1.0,5,corr,0.10384814840074164,test,0.49102975251694353
330,2,rupprecht,2.0,5,corr,0.0378957577606131,test,0.4449948023007057
331,3,rupprecht,3.0,5,corr,0.06918752221300994,test,0.5052485184582877
332,4,rupprecht,4.0,5,corr,0.10300176608233547,test,0.505544482866847
333,5,rupprecht,5.0,5,corr,0.07939988194850087,test,0.19825043814146318
334,6,rupprecht,6.0,5,corr,0.30455646299858563,test,0.5358924598454696
335,7,rupprecht,7.0,5,corr,0.12599526912095307,test,0.34228778640835544
336,0,speiser,0.0,5,corr,0.19012315560752852,test,0.5321546618669137
337,1,speiser,1.0,5,corr,0.10616444855440177,test,0.49334605267060366
338,2,speiser,2.0,5,corr,0.026056117707419557,test,0.43315516224751216
339,3,speiser,3.0,5,corr,0.007679528245446321,test,0.44374052449072404
340,4,speiser,4.0,5,corr,0.08915111983323087,test,0.49169383661774235
341,5,speiser,5.0,5,corr,0.0567550807042351,test,0.1756056368971974
342,6,speiser,6.0,5,corr,0.08458096564655507,test,0.3159169624934391
343,7,speiser,7.0,5,corr,0.22533299992485453,test,0.4416255172122569
344,0,oopsi,0.0,5,corr,-0.18684123538185793,test,0.1551902708775273
345,1,oopsi,1.0,5,corr,-0.18151766311432557,test,0.20566394100187632
346,2,oopsi,2.0,5,corr,-0.1400839465190743,test,0.2670150980210183
347,3,oopsi,3.0,5,corr,-0.1965423148890079,test,0.23951868135626983
348,4,oopsi,4.0,5,corr,-0.12453873738860055,test,0.2780039793959109
349,5,oopsi,5.0,5,corr,-0.030351160621254786,test,0.08849939557170752
350,6,oopsi,6.0,5,corr,-0.06386743981155993,test,0.1674685570353241
351,7,oopsi,7.0,5,corr,-0.19104066720788898,test,0.025251850079513378
352,0,stm,0.0,1,corr,,train,0.5104339511577102
353,1,stm,1.0,1,corr,,train,0.42153689246082116
354,2,stm,2.0,1,corr,,train,0.46233545047880953
355,3,stm,3.0,1,corr,,train,0.42375398968811745
356,4,stm,4.0,1,corr,,train,0.5194271186441172
357,5,stm,5.0,1,corr,,train,0.5059462901570091
358,6,stm,6.0,1,corr,,train,0.4976898768925183
359,7,stm,7.0,1,corr,,train,0.5259196014421482
360,8,stm,8.0,1,corr,,train,0.4019296617504127
361,9,stm,9.0,1,corr,,train,0.3654653174957208
362,10,stm,10.0,1,corr,,train,0.3142866265028561
363,0,chenkov,0.0,1,corr,0.06627043677248512,train,0.5767043879301953
364,1,chenkov,1.0,1,corr,0.034450987186422866,train,0.455987879647244
365,2,chenkov,2.0,1,corr,0.04785141706126639,train,0.5101868675400759
366,3,chenkov,3.0,1,corr,0.07167724232808959,train,0.49543123201620703
367,4,chenkov,4.0,1,corr,0.05686368665079189,train,0.5762908052949091
368,5,chenkov,5.0,1,corr,0.040082991944568325,train,0.5460292821015774
369,6,chenkov,6.0,1,corr,0.03888810876220816,train,0.5365779856547265
370,7,chenkov,7.0,1,corr,0.04976404239235599,train,0.5756836438345042
371,8,chenkov,8.0,1,corr,0.08222091287085848,train,0.4841505746212712
372,9,chenkov,9.0,1,corr,0.06263549438023752,train,0.42810081187595833
373,10,chenkov,10.0,1,corr,0.08200744042239971,train,0.3962940669252558
374,0,deneux,0.0,1,corr,0.08308366199838002,train,0.5935176131560902
375,1,deneux,1.0,1,corr,0.06128637569217804,train,0.4828232681529992
376,2,deneux,2.0,1,corr,0.06783678154618134,train,0.5301722320249909
377,3,deneux,3.0,1,corr,0.09216560294186354,train,0.515919592629981
378,4,deneux,4.0,1,corr,0.05047743111267533,train,0.5699045497567925
379,5,deneux,5.0,1,corr,0.055610134004588474,train,0.5615564241615976
380,6,deneux,6.0,1,corr,0.025288310974221462,train,0.5229781878667398
381,7,deneux,7.0,1,corr,0.04798279075042566,train,0.5739023921925739
382,8,deneux,8.0,1,corr,0.08923142759593317,train,0.4911610893463459
383,9,deneux,9.0,1,corr,0.0336642198313436,train,0.3991295373270644
384,10,deneux,10.0,1,corr,0.08930715233900999,train,0.4035937788418661
385,0,friedrich,0.0,1,corr,0.050795622432405985,train,0.5612295735901162
386,1,friedrich,1.0,1,corr,0.021589085951820075,train,0.44312597841264123
387,2,friedrich,2.0,1,corr,0.030753786695759955,train,0.4930892371745695
388,3,friedrich,3.0,1,corr,0.07532057739985176,train,0.4990745670879692
389,4,friedrich,4.0,1,corr,0.05552293217190951,train,0.5749500508160267
390,5,friedrich,5.0,1,corr,0.049378993280355554,train,0.5553252834373646
391,6,friedrich,6.0,1,corr,0.04520539345037489,train,0.5428952703428932
392,7,friedrich,7.0,1,corr,0.041530683364639054,train,0.5674502848067873
393,8,friedrich,8.0,1,corr,0.07614633895619255,train,0.4780760007066053
394,9,friedrich,9.0,1,corr,0.029808594886304385,train,0.3952739123820252
395,10,friedrich,10.0,1,corr,0.0765498896558775,train,0.3908365161587336
396,0,machado,0.0,1,corr,0.02493654011312485,train,0.535370491270835
397,1,machado,1.0,1,corr,0.002026497081523526,train,0.4235633895423447
398,2,machado,2.0,1,corr,-0.027006335177348295,train,0.43532911530146123
399,3,machado,3.0,1,corr,0.06586990610921228,train,0.48962389579732973
400,4,machado,4.0,1,corr,0.042550928158264445,train,0.5619780468023816
401,5,machado,5.0,1,corr,0.034727270647963326,train,0.5406735608049724
402,6,machado,6.0,1,corr,0.028617647058699514,train,0.5263075239512178
403,7,machado,7.0,1,corr,0.02690441151657763,train,0.5528240129587259
404,8,machado,8.0,1,corr,0.053709820736334624,train,0.45563948248674735
405,9,machado,9.0,1,corr,-0.008629390309223939,train,0.35683592718649687
406,10,machado,10.0,1,corr,0.03978841428443014,train,0.35407504078728624
407,0,mineault,0.0,1,corr,0.11959483865749587,train,0.630028789815206
408,1,mineault,1.0,1,corr,0.055257135377767,train,0.47679402783858815
409,2,mineault,2.0,1,corr,0.17500822167049745,train,0.637343672149307
410,3,mineault,3.0,1,corr,0.11123260466649193,train,0.5349865943546094
411,4,mineault,4.0,1,corr,0.08579815350603215,train,0.6052252721501493
412,5,mineault,5.0,1,corr,0.08614320363152983,train,0.5920894937885389
413,6,mineault,6.0,1,corr,0.135145861239222,train,0.6328357381317403
414,7,mineault,7.0,1,corr,0.07682342997935987,train,0.6027430314215081
415,8,mineault,8.0,1,corr,0.10673391593787723,train,0.50866357768829
416,9,mineault,9.0,1,corr,0.05994881842645816,train,0.42541413592217897
417,10,mineault,10.0,1,corr,0.1218692370866743,train,0.4361558635895304
418,0,pachitariu,0.0,1,corr,0.022578698748339066,train,0.5330126499060492
419,1,pachitariu,1.0,1,corr,-0.032509005283132775,train,0.3890278871776884
420,2,pachitariu,2.0,1,corr,-0.0717925906534283,train,0.39054285982538123
421,3,pachitariu,3.0,1,corr,0.027016742285562223,train,0.4507707319736797
422,4,pachitariu,4.0,1,corr,0.021400433978391975,train,0.5408275526225091
423,5,pachitariu,5.0,1,corr,0.0446339348681013,train,0.5505802250251104
424,6,pachitariu,6.0,1,corr,0.04944903854921501,train,0.5471389154417333
425,7,pachitariu,7.0,1,corr,0.02042293487451119,train,0.5463425363166594
426,8,pachitariu,8.0,1,corr,0.002465351326036924,train,0.40439501307644965
427,9,pachitariu,9.0,1,corr,-0.007417400521942563,train,0.35804791697377825
428,10,pachitariu,10.0,1,corr,-0.018901549935108508,train,0.2953850765677476
429,0,ringach,0.0,1,corr,0.0242256239753742,train,0.5346595751330844
430,1,ringach,1.0,1,corr,-0.0009530282452759331,train,0.4205838642155452
431,2,ringach,2.0,1,corr,-0.020538768472167124,train,0.4417966820066424
432,3,ringach,3.0,1,corr,0.05105565633310116,train,0.4748096460212186
433,4,ringach,4.0,1,corr,0.0442799920064203,train,0.5637071106505375
434,5,ringach,5.0,1,corr,0.02954320382215936,train,0.5354894939791685
435,6,ringach,6.0,1,corr,-0.008132317703496539,train,0.4895575591890218
436,7,ringach,7.0,1,corr,0.03257353756025749,train,0.5584931390024057
437,8,ringach,8.0,1,corr,0.05422328351137223,train,0.45615294526178496
438,9,ringach,9.0,1,corr,-0.026947274335666294,train,0.3385180431600545
439,10,ringach,10.0,1,corr,0.005431015786562243,train,0.31971764228941835
440,0,rupprecht,0.0,1,corr,0.10219531419673988,train,0.6126292653544501
441,1,rupprecht,1.0,1,corr,0.052954228224071365,train,0.4744911206848925
442,2,rupprecht,2.0,1,corr,0.07849916658491529,train,0.5408346170637248
443,3,rupprecht,3.0,1,corr,0.08391871798991152,train,0.507672707678029
444,4,rupprecht,4.0,1,corr,0.0520469389619842,train,0.5714740576061014
445,5,rupprecht,5.0,1,corr,0.04090002405438664,train,0.5468463142113957
446,6,rupprecht,6.0,1,corr,0.06636382537380159,train,0.5640537022663199
447,7,rupprecht,7.0,1,corr,0.04672187696413821,train,0.5726414784062864
448,8,rupprecht,8.0,1,corr,0.07473344121289577,train,0.4766631029633085
449,9,rupprecht,9.0,1,corr,0.06958394247908573,train,0.43504925997480653
450,10,rupprecht,10.0,1,corr,0.10039325597193832,train,0.4146798824747944
451,0,speiser,0.0,1,corr,0.10220947278842274,train,0.6126434239461329
452,1,speiser,1.0,1,corr,0.04119199557615433,train,0.4627288880369755
453,2,speiser,2.0,1,corr,0.0019510215050316804,train,0.4642864719838412
454,3,speiser,3.0,1,corr,0.09776000950980207,train,0.5215139991979195
455,4,speiser,4.0,1,corr,0.07250016824432692,train,0.5919272868884441
456,5,speiser,5.0,1,corr,0.06668856028707626,train,0.5726348504440854
457,6,speiser,6.0,1,corr,0.08259032186873505,train,0.5802801987612534
458,7,speiser,7.0,1,corr,0.07301600608096781,train,0.598935607523116
459,8,speiser,8.0,1,corr,0.04739907170159213,train,0.44932873345200486
460,9,speiser,9.0,1,corr,0.0361568140300455,train,0.4016221315257663
461,10,speiser,10.0,1,corr,0.04211207995347083,train,0.35639870645632693
462,0,oopsi,0.0,1,corr,0.013228826143225736,train,0.5236627773009359
463,1,oopsi,1.0,1,corr,-0.07197236715285843,train,0.3495645253079627
464,2,oopsi,2.0,1,corr,-0.1499170335751735,train,0.31241841690363603
465,3,oopsi,3.0,1,corr,0.015697482886272096,train,0.43945147257438955
466,4,oopsi,4.0,1,corr,-0.08887347959146485,train,0.4305536390526523
467,5,oopsi,5.0,1,corr,-0.07876276684791061,train,0.4271835233090985
468,6,oopsi,6.0,1,corr,-0.33244923120893044,train,0.16524064568358787
469,7,oopsi,7.0,1,corr,-0.0923968931836131,train,0.4335227082585351
470,8,oopsi,8.0,1,corr,-0.0643197042824033,train,0.3376099574680094
471,9,oopsi,9.0,1,corr,-0.040971092952660326,train,0.3244942245430605
472,10,oopsi,10.0,1,corr,0.025867707427069453,train,0.34015433392992556
473,0,stm,0.0,2,corr,,train,0.5252558025372364
474,1,stm,1.0,2,corr,,train,0.2781647110118053
475,2,stm,2.0,2,corr,,train,0.44421458656284485
476,3,stm,3.0,2,corr,,train,0.22729020886635257
477,4,stm,4.0,2,corr,,train,0.24256815456219344
478,5,stm,5.0,2,corr,,train,0.4095681697616741
479,6,stm,6.0,2,corr,,train,0.36352584962911166
480,7,stm,7.0,2,corr,,train,0.38922268987332315
481,8,stm,8.0,2,corr,,train,0.36034180287602496
482,9,stm,9.0,2,corr,,train,0.5211538485433626
483,10,stm,10.0,2,corr,,train,0.5167346892989707
484,11,stm,11.0,2,corr,,train,0.46561710338770607
485,12,stm,12.0,2,corr,,train,0.4767589228068247
486,13,stm,13.0,2,corr,,train,0.4212472212773433
487,14,stm,14.0,2,corr,,train,0.4428123549580332
488,15,stm,15.0,2,corr,,train,0.4337272493556178
489,16,stm,16.0,2,corr,,train,0.46019068718157574
490,17,stm,17.0,2,corr,,train,0.5409455736990092
491,18,stm,18.0,2,corr,,train,0.23824871341880777
492,19,stm,19.0,2,corr,,train,0.45747842133470923
493,20,stm,20.0,2,corr,,train,0.4468584982858432
494,0,chenkov,0.0,2,corr,0.028030693330791,train,0.5532864958680274
495,1,chenkov,1.0,2,corr,0.008939582191870576,train,0.28710429320367586
496,2,chenkov,2.0,2,corr,0.055720814389240425,train,0.4999354009520853
497,3,chenkov,3.0,2,corr,0.0071548262960383635,train,0.23444503516239093
498,4,chenkov,4.0,2,corr,0.019694060511076028,train,0.26226221507326947
499,5,chenkov,5.0,2,corr,0.09747615802789888,train,0.507044327789573
500,6,chenkov,6.0,2,corr,0.04452536154421738,train,0.40805121117332904
501,7,chenkov,7.0,2,corr,0.04983425235554134,train,0.4390569422288645
502,8,chenkov,8.0,2,corr,-0.02501505874177573,train,0.33532674413424923
503,9,chenkov,9.0,2,corr,0.04672938401059279,train,0.5678832325539553
504,10,chenkov,10.0,2,corr,0.04031175887053173,train,0.5570464481695024
505,11,chenkov,11.0,2,corr,0.041732142882242085,train,0.5073492462699482
506,12,chenkov,12.0,2,corr,0.04054261321051794,train,0.5173015360173426
507,13,chenkov,13.0,2,corr,0.0764245142683293,train,0.4976717355456726
508,14,chenkov,14.0,2,corr,0.03596046685493787,train,0.4787728218129711
509,15,chenkov,15.0,2,corr,0.036701733435688055,train,0.47042898279130585
510,16,chenkov,16.0,2,corr,0.026200320539599198,train,0.48639100772117494
511,17,chenkov,17.0,2,corr,0.03330163158764321,train,0.5742472052866524
512,18,chenkov,18.0,2,corr,-0.006689882734352448,train,0.23155883068445532
513,19,chenkov,19.0,2,corr,0.03024703018912539,train,0.4877254515238346
514,20,chenkov,20.0,2,corr,0.06483929058000143,train,0.5116977888658446
515,0,deneux,0.0,2,corr,0.0520732802634335,train,0.5773290828006699
516,1,deneux,1.0,2,corr,0.02869062283785956,train,0.30685533384966485
517,2,deneux,2.0,2,corr,0.09593642308868577,train,0.5401510096515306
518,3,deneux,3.0,2,corr,0.013839744460308445,train,0.241129953326661
519,4,deneux,4.0,2,corr,0.025263418179941877,train,0.2678315727421353
520,5,deneux,5.0,2,corr,0.14499801084048913,train,0.5545661806021632
521,6,deneux,6.0,2,corr,0.04383210334504245,train,0.4073579529741541
522,7,deneux,7.0,2,corr,0.0730055016627838,train,0.46222819153610695
523,8,deneux,8.0,2,corr,0.10837733228835228,train,0.46871913516437724
524,9,deneux,9.0,2,corr,0.0521692284225278,train,0.5733230769658904
525,10,deneux,10.0,2,corr,0.054830145118487716,train,0.5715648344174584
526,11,deneux,11.0,2,corr,0.052975047638867456,train,0.5185921510265735
527,12,deneux,12.0,2,corr,0.05087940374017347,train,0.5276383265469982
528,13,deneux,13.0,2,corr,0.13958327448403002,train,0.5608304957613733
529,14,deneux,14.0,2,corr,0.03932364656216014,train,0.48213600152019337
530,15,deneux,15.0,2,corr,0.060556915114527876,train,0.49428416447014567
531,16,deneux,16.0,2,corr,0.024377597497294123,train,0.48456828467886987
532,17,deneux,17.0,2,corr,0.03716715203913601,train,0.5781127257381452
533,18,deneux,18.0,2,corr,0.0010409182221208513,train,0.23928963164092862
534,19,deneux,19.0,2,corr,0.07179444283787456,train,0.5292728641725838
535,20,deneux,20.0,2,corr,0.06400523396272911,train,0.5108637322485723
536,0,friedrich,0.0,2,corr,0.03656184496946335,train,0.5618176475066997
537,1,friedrich,1.0,2,corr,0.021464919970502705,train,0.299629630982308
538,2,friedrich,2.0,2,corr,0.08629408284501738,train,0.5305086694078622
539,3,friedrich,3.0,2,corr,0.01626074491649382,train,0.24355095378284639
540,4,friedrich,4.0,2,corr,0.023898436411913193,train,0.26646659097410663
541,5,friedrich,5.0,2,corr,0.14621638739995835,train,0.5557845571616324
542,6,friedrich,6.0,2,corr,0.030422989163077008,train,0.39394883879218867
543,7,friedrich,7.0,2,corr,0.04258208100782229,train,0.43180477088114544
544,8,friedrich,8.0,2,corr,0.11816003173740247,train,0.47850183461342743
545,9,friedrich,9.0,2,corr,0.05612534553961668,train,0.5772791940829792
546,10,friedrich,10.0,2,corr,0.06093049193419897,train,0.5776651812331697
547,11,friedrich,11.0,2,corr,0.0453404706196639,train,0.51095757400737
548,12,friedrich,12.0,2,corr,0.0475522812805354,train,0.5243112040873601
549,13,friedrich,13.0,2,corr,0.14262322311913472,train,0.563870444396478
550,14,friedrich,14.0,2,corr,0.0422559998200267,train,0.48506835477805993
551,15,friedrich,15.0,2,corr,0.060307998961455556,train,0.49403524831707335
552,16,friedrich,16.0,2,corr,0.018542352210084878,train,0.4787330393916606
553,17,friedrich,17.0,2,corr,0.038900904083608134,train,0.5798464777826173
554,18,friedrich,18.0,2,corr,-0.03164595031998191,train,0.20660276309882586
555,19,friedrich,19.0,2,corr,0.07318679843618331,train,0.5306652197708925
556,20,friedrich,20.0,2,corr,0.06001611456205819,train,0.5068746128479014
557,0,machado,0.0,2,corr,0.0066002017625780285,train,0.5318560042998144
558,1,machado,1.0,2,corr,0.014921539621711277,train,0.29308625063351657
559,2,machado,2.0,2,corr,0.04930729385648469,train,0.49352188041932954
560,3,machado,3.0,2,corr,-0.015764630966040527,train,0.21152557790031204
561,4,machado,4.0,2,corr,-0.016160336524429553,train,0.22640781803776389
562,5,machado,5.0,2,corr,0.05546600988266309,train,0.4650341796443372
563,6,machado,6.0,2,corr,-0.018565993582436713,train,0.34495985604667495
564,7,machado,7.0,2,corr,-0.14316740607456208,train,0.24605528379876107
565,8,machado,8.0,2,corr,-0.05436331429808222,train,0.30597848857794274
566,9,machado,9.0,2,corr,0.007590621882544224,train,0.5287444704259068
567,10,machado,10.0,2,corr,0.004749993237623262,train,0.521484682536594
568,11,machado,11.0,2,corr,0.016784239946967705,train,0.48240134333467377
569,12,machado,12.0,2,corr,-0.1121018094820293,train,0.3646571133247954
570,13,machado,13.0,2,corr,-0.00746512690569906,train,0.41378209437164426
571,14,machado,14.0,2,corr,-0.0021763602931747505,train,0.4406359946648585
572,15,machado,15.0,2,corr,0.007889236590286564,train,0.44161648594590436
573,16,machado,16.0,2,corr,-0.006238802188883008,train,0.45395188499269273
574,17,machado,17.0,2,corr,-0.011647377683946192,train,0.529298196015063
575,18,machado,18.0,2,corr,-0.005490737153599851,train,0.23275797626520792
576,19,machado,19.0,2,corr,0.045649957748890746,train,0.5031283790836
577,20,machado,20.0,2,corr,0.06046404765290597,train,0.5073225459387491
578,0,mineault,0.0,2,corr,0.061860258696446624,train,0.587116061233683
579,1,mineault,1.0,2,corr,0.00608977090602647,train,0.28425448191783176
580,2,mineault,2.0,2,corr,0.11272654210777044,train,0.5569411286706153
581,3,mineault,3.0,2,corr,0.02424661624840438,train,0.25153682511475695
582,4,mineault,4.0,2,corr,0.036183312201550355,train,0.2787514667637438
583,5,mineault,5.0,2,corr,0.1581040652957132,train,0.5676722350573873
584,6,mineault,6.0,2,corr,0.07169442162640777,train,0.43522027125551943
585,7,mineault,7.0,2,corr,0.07866856905693809,train,0.46789125893026123
586,8,mineault,8.0,2,corr,0.22731610950823727,train,0.5876579123842622
587,9,mineault,9.0,2,corr,0.051710493976643734,train,0.5728643425200063
588,10,mineault,10.0,2,corr,0.05629013217548118,train,0.5730248214744519
589,11,mineault,11.0,2,corr,0.06338538879328831,train,0.5290024921809944
590,12,mineault,12.0,2,corr,0.05903098221106001,train,0.5357899050178847
591,13,mineault,13.0,2,corr,0.16497481307713574,train,0.5862220343544791
592,14,mineault,14.0,2,corr,0.0481666164863504,train,0.4909789714443836
593,15,mineault,15.0,2,corr,0.04905843170231966,train,0.48278568105793745
594,16,mineault,16.0,2,corr,0.026585216057521732,train,0.4867759032390975
595,17,mineault,17.0,2,corr,0.0434797348446444,train,0.5844253085436536
596,18,mineault,18.0,2,corr,0.0005163538219572772,train,0.23876506724076504
597,19,mineault,19.0,2,corr,0.09037387215580434,train,0.5478522934905136
598,20,mineault,20.0,2,corr,0.126396082014041,train,0.5732545802998842
599,0,pachitariu,0.0,2,corr,0.05549774423663334,train,0.5807535467738697
600,1,pachitariu,1.0,2,corr,0.0037817908930178334,train,0.2819465019048231
601,2,pachitariu,2.0,2,corr,0.03891898524445181,train,0.48313357180729666
602,3,pachitariu,3.0,2,corr,0.004478842249694276,train,0.23176905111604684
603,4,pachitariu,4.0,2,corr,0.01856122100399743,train,0.26112937556619087
604,5,pachitariu,5.0,2,corr,0.09079876243550766,train,0.5003669321971818
605,6,pachitariu,6.0,2,corr,0.030255136387122017,train,0.3937809860162337
606,7,pachitariu,7.0,2,corr,-0.04308967784395651,train,0.34613301202936664
607,8,pachitariu,8.0,2,corr,0.04702740879939654,train,0.4073692116754215
608,9,pachitariu,9.0,2,corr,0.028753829635223993,train,0.5499076781785865
609,10,pachitariu,10.0,2,corr,0.021805482391059727,train,0.5385401716900304
610,11,pachitariu,11.0,2,corr,0.0028776872275805276,train,0.4684947906152866
611,12,pachitariu,12.0,2,corr,-0.07667539573235116,train,0.40008352707447353
612,13,pachitariu,13.0,2,corr,-0.015699402149609187,train,0.40554781912773413
613,14,pachitariu,14.0,2,corr,0.011685865679596563,train,0.4544982206376298
614,15,pachitariu,15.0,2,corr,0.015738436326894034,train,0.44946568568251183
615,16,pachitariu,16.0,2,corr,0.005481638441513614,train,0.46567232562308936
616,17,pachitariu,17.0,2,corr,0.03060105903373478,train,0.571546632732744
617,18,pachitariu,18.0,2,corr,-0.00042401776309017314,train,0.2378246956557176
618,19,pachitariu,19.0,2,corr,0.030297728225840148,train,0.4877761495605494
619,20,pachitariu,20.0,2,corr,0.013416991897799435,train,0.4602754901836426
620,0,ringach,0.0,2,corr,-0.11334049374473798,train,0.4119153087924984
621,1,ringach,1.0,2,corr,-0.05704704712619871,train,0.22111766388560658
622,2,ringach,2.0,2,corr,-0.021000753502744218,train,0.42321383306010063
623,3,ringach,3.0,2,corr,-0.03191161377214011,train,0.19537859509421246
624,4,ringach,4.0,2,corr,-0.03266167954142904,train,0.2099064750207644
625,5,ringach,5.0,2,corr,-0.010307388865122391,train,0.3992607808965517
626,6,ringach,6.0,2,corr,-0.09298125588615941,train,0.27054459374295226
627,7,ringach,7.0,2,corr,-0.1259371431550666,train,0.26328554671825655
628,8,ringach,8.0,2,corr,-0.12121010989284914,train,0.23913169298317583
629,9,ringach,9.0,2,corr,-0.02183482520020119,train,0.49931902334316136
630,10,ringach,10.0,2,corr,-0.03264013651841563,train,0.4840945527805551
631,11,ringach,11.0,2,corr,-0.03786083086268044,train,0.4277562725250256
632,12,ringach,12.0,2,corr,-0.12261518971391056,train,0.35414373309291414
633,13,ringach,13.0,2,corr,-0.06952837464436945,train,0.35171884663297387
634,14,ringach,14.0,2,corr,-0.030943765751455077,train,0.41186858920657815
635,15,ringach,15.0,2,corr,-0.0628939080295502,train,0.3708333413260676
636,16,ringach,16.0,2,corr,-0.0342166488503477,train,0.42597403833122804
637,17,ringach,17.0,2,corr,-0.049817167632388915,train,0.4911284060666203
638,18,ringach,18.0,2,corr,-0.05326493402675711,train,0.18498377939205066
639,19,ringach,19.0,2,corr,-0.006434939278218643,train,0.4510434820564906
640,20,ringach,20.0,2,corr,0.024583762101904105,train,0.4714422603877473
641,0,rupprecht,0.0,2,corr,0.04531224464860861,train,0.570568047185845
642,1,rupprecht,1.0,2,corr,0.013890212014860348,train,0.29205492302666564
643,2,rupprecht,2.0,2,corr,0.07574951823432086,train,0.5199641047971657
644,3,rupprecht,3.0,2,corr,0.02341788650190338,train,0.25070809536825595
645,4,rupprecht,4.0,2,corr,0.03199738529228491,train,0.27456553985447835
646,5,rupprecht,5.0,2,corr,0.14799252267634755,train,0.5575606924380216
647,6,rupprecht,6.0,2,corr,0.06259608647409959,train,0.42612193610321125
648,7,rupprecht,7.0,2,corr,0.01398412429863466,train,0.4032068141719578
649,8,rupprecht,8.0,2,corr,0.10558026522321373,train,0.4659220680992387
650,9,rupprecht,9.0,2,corr,0.04554600831429778,train,0.5666998568576603
651,10,rupprecht,10.0,2,corr,0.043406460678307446,train,0.5601411499772782
652,11,rupprecht,11.0,2,corr,0.039435438396681344,train,0.5050525417843874
653,12,rupprecht,12.0,2,corr,-0.013813850779513526,train,0.46294507202731117
654,13,rupprecht,13.0,2,corr,0.13314879829148313,train,0.5543960195688264
655,14,rupprecht,14.0,2,corr,0.030359223762747967,train,0.4731715787207812
656,15,rupprecht,15.0,2,corr,0.03168905886414902,train,0.4654163082197668
657,16,rupprecht,16.0,2,corr,0.020088618256155377,train,0.4802793054377311
658,17,rupprecht,17.0,2,corr,0.01494243275606233,train,0.5558880064550715
659,18,rupprecht,18.0,2,corr,-0.019487716634023627,train,0.21876099678478414
660,19,rupprecht,19.0,2,corr,0.07849839955034993,train,0.5359768208850592
661,20,rupprecht,20.0,2,corr,0.11939683747818935,train,0.5662553357640325
662,0,speiser,0.0,2,corr,0.06767160920386472,train,0.5929274117411011
663,1,speiser,1.0,2,corr,0.00447963251498229,train,0.2826443435267876
664,2,speiser,2.0,2,corr,0.05164454874705626,train,0.4958591353099011
665,3,speiser,3.0,2,corr,0.009683807946103129,train,0.2369740168124557
666,4,speiser,4.0,2,corr,0.02707477740941594,train,0.2696429319716094
667,5,speiser,5.0,2,corr,0.1226132826649291,train,0.5321814524266032
668,6,speiser,6.0,2,corr,0.06839756666283403,train,0.4319234162919457
669,7,speiser,7.0,2,corr,0.04301371378485658,train,0.4322364036581797
670,8,speiser,8.0,2,corr,0.12554740712723084,train,0.4858892100032558
671,9,speiser,9.0,2,corr,0.029020571204701362,train,0.5501744197480639
672,10,speiser,10.0,2,corr,0.02955723386667264,train,0.5462919231656433
673,11,speiser,11.0,2,corr,0.005998947999971915,train,0.471616051387678
674,12,speiser,12.0,2,corr,-0.01993003373712615,train,0.45682888906969854
675,13,speiser,13.0,2,corr,0.053518495926975496,train,0.4747657172043188
676,14,speiser,14.0,2,corr,0.029195230695232555,train,0.4720075856532658
677,15,speiser,15.0,2,corr,0.0339777324848215,train,0.4677049818404393
678,16,speiser,16.0,2,corr,0.021134820416794875,train,0.4813255075983706
679,17,speiser,17.0,2,corr,0.021404807625952205,train,0.5623503813249614
680,18,speiser,18.0,2,corr,-0.013515303030404102,train,0.22473341038840366
681,19,speiser,19.0,2,corr,0.049150500045549605,train,0.5066289213802588
682,20,speiser,20.0,2,corr,0.016058337713956372,train,0.46291683599979955
683,0,oopsi,0.0,2,corr,-0.18641354895743967,train,0.3388422535797967
684,1,oopsi,1.0,2,corr,-0.08991359383927156,train,0.18825111717253373
685,2,oopsi,2.0,2,corr,-0.10828281926310346,train,0.3359317672997414
686,3,oopsi,3.0,2,corr,-0.027043896838642584,train,0.20024631202770998
687,4,oopsi,4.0,2,corr,-0.03567542644756855,train,0.2068927281146249
688,5,oopsi,5.0,2,corr,-0.021046724755943547,train,0.38852144500573055
689,6,oopsi,6.0,2,corr,-0.24612080500884054,train,0.11740504462027111
690,7,oopsi,7.0,2,corr,,train,
691,8,oopsi,8.0,2,corr,-0.07926425794835773,train,0.28107754492766723
692,9,oopsi,9.0,2,corr,-0.07579429660450104,train,0.4453595519388615
693,10,oopsi,10.0,2,corr,-0.1284034757335089,train,0.3883312135654618
694,11,oopsi,11.0,2,corr,-0.08191317521203961,train,0.38370392817566645
695,12,oopsi,12.0,2,corr,-0.16270334959351607,train,0.3140555732133086
696,13,oopsi,13.0,2,corr,-0.4231437156460193,train,-0.001896494368676002
697,14,oopsi,14.0,2,corr,-0.06616566976619298,train,0.37664668519184025
698,15,oopsi,15.0,2,corr,-0.14305059822389682,train,0.290676651131721
699,16,oopsi,16.0,2,corr,-0.08973602187714724,train,0.3704546653044285
700,17,oopsi,17.0,2,corr,-0.10759313370407053,train,0.43335243999493867
701,18,oopsi,18.0,2,corr,-0.13511831525594975,train,0.10313039816285803
702,19,oopsi,19.0,2,corr,0.005843689935874252,train,0.4633221112705835
703,20,oopsi,20.0,2,corr,-0.05772140150830457,train,0.3891370967775386
704,0,stm,0.0,3,corr,,train,0.2672030779788184
705,1,stm,1.0,3,corr,,train,0.5444350292407156
706,2,stm,2.0,3,corr,,train,0.3819869138068018
707,3,stm,3.0,3,corr,,train,0.18160309358618104
708,4,stm,4.0,3,corr,,train,0.5825798849780879
709,5,stm,5.0,3,corr,,train,0.5095477958159353
710,6,stm,6.0,3,corr,,train,0.29936611235996324
711,7,stm,7.0,3,corr,,train,0.4604251718056651
712,8,stm,8.0,3,corr,,train,0.5490510759922174
713,9,stm,9.0,3,corr,,train,0.3503876926655039
714,10,stm,10.0,3,corr,,train,0.43669943226571
715,11,stm,11.0,3,corr,,train,0.4544339141663572
716,12,stm,12.0,3,corr,,train,0.43548252920122027
717,0,chenkov,0.0,3,corr,0.04696288043027741,train,0.31416595840909584
718,1,chenkov,1.0,3,corr,0.08932903168556872,train,0.6337640609262843
719,2,chenkov,2.0,3,corr,0.08512883389405462,train,0.4671157477008564
720,3,chenkov,3.0,3,corr,0.12323944809046006,train,0.3048425416766411
721,4,chenkov,4.0,3,corr,0.06717139912328807,train,0.649751284101376
722,5,chenkov,5.0,3,corr,0.005847650037904439,train,0.5153954458538398
723,6,chenkov,6.0,3,corr,0.08354163540946213,train,0.3829077477694254
724,7,chenkov,7.0,3,corr,0.07052400309056761,train,0.5309491748962327
725,8,chenkov,8.0,3,corr,0.04500049268227613,train,0.5940515686744935
726,9,chenkov,9.0,3,corr,0.1001272069521778,train,0.4505148996176817
727,10,chenkov,10.0,3,corr,0.05231914638573598,train,0.489018578651446
728,11,chenkov,11.0,3,corr,0.05809149267921493,train,0.5125254068455721
729,12,chenkov,12.0,3,corr,0.03795413560788963,train,0.4734366648091099
730,0,deneux,0.0,3,corr,0.010339438460909234,train,0.27754251643972766
731,1,deneux,1.0,3,corr,0.11418403276213462,train,0.6586190620028503
732,2,deneux,2.0,3,corr,-0.000991754668452638,train,0.38099515913834914
733,3,deneux,3.0,3,corr,0.05855417612039185,train,0.2401572697065729
734,4,deneux,4.0,3,corr,0.06574240973618384,train,0.6483222947142717
735,5,deneux,5.0,3,corr,0.024745319712178637,train,0.534293115528114
736,6,deneux,6.0,3,corr,0.005548054847308248,train,0.3049141672072715
737,7,deneux,7.0,3,corr,0.0947304540588001,train,0.5551556258644652
738,8,deneux,8.0,3,corr,0.06829296506104787,train,0.6173440410532652
739,9,deneux,9.0,3,corr,0.03917770382006808,train,0.389565396485572
740,10,deneux,10.0,3,corr,0.0865952911226589,train,0.5232947233883689
741,11,deneux,11.0,3,corr,0.08945925692420514,train,0.5438931710905623
742,12,deneux,12.0,3,corr,0.06162014075256367,train,0.49710266995378394
743,0,friedrich,0.0,3,corr,0.02918279382498462,train,0.29638587180380305
744,1,friedrich,1.0,3,corr,0.10316313421811552,train,0.6475981634588311
745,2,friedrich,2.0,3,corr,-0.0032276901659529234,train,0.37875922364084885
746,3,friedrich,3.0,3,corr,0.030223525546075436,train,0.21182661913225648
747,4,friedrich,4.0,3,corr,0.08554872232018373,train,0.6681286072982716
748,5,friedrich,5.0,3,corr,0.024102498188690924,train,0.5336502940046263
749,6,friedrich,6.0,3,corr,-0.0026918229469875543,train,0.2966742894129757
750,7,friedrich,7.0,3,corr,0.10075697324982702,train,0.5611821450554921
751,8,friedrich,8.0,3,corr,0.07754226550849819,train,0.6265933415007156
752,9,friedrich,9.0,3,corr,0.04027802153749244,train,0.39066571420299634
753,10,friedrich,10.0,3,corr,0.07280202317345713,train,0.5095014554391671
754,11,friedrich,11.0,3,corr,0.05182829110456649,train,0.5062622052709237
755,12,friedrich,12.0,3,corr,0.03661802418530302,train,0.4721005533865233
756,0,machado,0.0,3,corr,0.021575634480410666,train,0.2887787124592291
757,1,machado,1.0,3,corr,0.09997964078678612,train,0.6444146700275017
758,2,machado,2.0,3,corr,-0.09184747821201711,train,0.29013943559478467
759,3,machado,3.0,3,corr,-0.005227274774113472,train,0.17637581881206757
760,4,machado,4.0,3,corr,0.08968930975203826,train,0.6722691947301261
761,5,machado,5.0,3,corr,0.00863349121674084,train,0.5181812870326762
762,6,machado,6.0,3,corr,-0.03203165376963396,train,0.2673344585903293
763,7,machado,7.0,3,corr,0.09815883403880798,train,0.5585840058444731
764,8,machado,8.0,3,corr,0.040156769717500485,train,0.5892078457097178
765,9,machado,9.0,3,corr,-0.017160568728942116,train,0.3332271239365618
766,10,machado,10.0,3,corr,0.07124890677626133,train,0.5079483390419713
767,11,machado,11.0,3,corr,0.08237389863697037,train,0.5368078128033276
768,12,machado,12.0,3,corr,0.061779554392874136,train,0.4972620835940944
769,0,mineault,0.0,3,corr,0.16485410086969254,train,0.43205717884851097
770,1,mineault,1.0,3,corr,0.1618729793317214,train,0.706308008572437
771,2,mineault,2.0,3,corr,0.20494746662913416,train,0.5869343804359359
772,3,mineault,3.0,3,corr,0.3066897234077154,train,0.48829281699389643
773,4,mineault,4.0,3,corr,0.15316088711062759,train,0.7357407720887155
774,5,mineault,5.0,3,corr,0.18357300997495052,train,0.6931208057908859
775,6,mineault,6.0,3,corr,0.26776348083599,train,0.5671295931959532
776,7,mineault,7.0,3,corr,0.16312883486644247,train,0.6235540066721076
777,8,mineault,8.0,3,corr,0.11118685962330821,train,0.6602379356155256
778,9,mineault,9.0,3,corr,0.2347144481090328,train,0.5851021407745367
779,10,mineault,10.0,3,corr,0.12419725700564938,train,0.5608966892713594
780,11,mineault,11.0,3,corr,0.11021170581277212,train,0.5646456199791293
781,12,mineault,12.0,3,corr,0.09551927345028327,train,0.5310018026515035
782,0,pachitariu,0.0,3,corr,-0.00533291813632919,train,0.26187015984248924
783,1,pachitariu,1.0,3,corr,0.07125820937297078,train,0.6156932386136864
784,2,pachitariu,2.0,3,corr,-0.043635961338033546,train,0.33835095246876823
785,3,pachitariu,3.0,3,corr,0.02965906351758918,train,0.21126215710377022
786,4,pachitariu,4.0,3,corr,0.028980948876830226,train,0.6115608338549181
787,5,pachitariu,5.0,3,corr,-0.0766393424762859,train,0.43290845333964945
788,6,pachitariu,6.0,3,corr,-0.029806755981031385,train,0.26955935637893186
789,7,pachitariu,7.0,3,corr,0.07021194516700424,train,0.5306371169726694
790,8,pachitariu,8.0,3,corr,0.05965039361524538,train,0.6087014696074627
791,9,pachitariu,9.0,3,corr,0.028123457844961175,train,0.3785111505104651
792,10,pachitariu,10.0,3,corr,0.06230052312097362,train,0.4989999553866836
793,11,pachitariu,11.0,3,corr,0.0479148375062462,train,0.5023487516726034
794,12,pachitariu,12.0,3,corr,0.03549187218415134,train,0.4709744013853716
795,0,ringach,0.0,3,corr,0.06162337549553509,train,0.3288264534743535
796,1,ringach,1.0,3,corr,0.05787425519219325,train,0.6023092844329089
797,2,ringach,2.0,3,corr,0.009667227898357666,train,0.39165414170515944
798,3,ringach,3.0,3,corr,0.07787797878216252,train,0.25948107236834356
799,4,ringach,4.0,3,corr,0.04499949365275113,train,0.627579378630839
800,5,ringach,5.0,3,corr,-0.12050126677997364,train,0.3890465290359617
801,6,ringach,6.0,3,corr,0.04389579401985472,train,0.34326190637981796
802,7,ringach,7.0,3,corr,0.05953235960134129,train,0.5199575314070064
803,8,ringach,8.0,3,corr,0.017649234363900534,train,0.5667003103561179
804,9,ringach,9.0,3,corr,0.0723908072249565,train,0.4227784998904604
805,10,ringach,10.0,3,corr,0.055039996350346954,train,0.49173942861605696
806,11,ringach,11.0,3,corr,0.0407826494717069,train,0.4952165636380641
807,12,ringach,12.0,3,corr,0.019979720019931313,train,0.4554622492211516
808,0,rupprecht,0.0,3,corr,0.12623909063043542,train,0.39344216860925385
809,1,rupprecht,1.0,3,corr,0.09479620863134286,train,0.6392312378720585
810,2,rupprecht,2.0,3,corr,0.08169152219163311,train,0.4636784359984349
811,3,rupprecht,3.0,3,corr,0.17871746860428595,train,0.360320562190467
812,4,rupprecht,4.0,3,corr,0.126507224356031,train,0.7090871093341189
813,5,rupprecht,5.0,3,corr,-0.14863940499681288,train,0.36090839081912246
814,6,rupprecht,6.0,3,corr,0.13912406212025763,train,0.4384901744802209
815,7,rupprecht,7.0,3,corr,0.0895514750980092,train,0.5499766469036743
816,8,rupprecht,8.0,3,corr,0.07485297025596338,train,0.6239040462481807
817,9,rupprecht,9.0,3,corr,0.14158769717158276,train,0.49197538983708666
818,10,rupprecht,10.0,3,corr,0.07740791830251975,train,0.5141073505682298
819,11,rupprecht,11.0,3,corr,0.07391870011487961,train,0.5283526142812368
820,12,rupprecht,12.0,3,corr,0.037567056018458944,train,0.4730495852196792
821,0,speiser,0.0,3,corr,0.07373366354309457,train,0.340936741521913
822,1,speiser,1.0,3,corr,0.06006506450132254,train,0.6045000937420382
823,2,speiser,2.0,3,corr,0.08399236896960416,train,0.46597928277640593
824,3,speiser,3.0,3,corr,0.10650162918815459,train,0.28810472277433563
825,4,speiser,4.0,3,corr,0.001995750944008945,train,0.5845756359220968
826,5,speiser,5.0,3,corr,-0.07132202145997835,train,0.438225774355957
827,6,speiser,6.0,3,corr,0.06330033511400751,train,0.36266644747397075
828,7,speiser,7.0,3,corr,0.12572139933149695,train,0.5861465711371621
829,8,speiser,8.0,3,corr,0.09956920901433342,train,0.6486202850065508
830,9,speiser,9.0,3,corr,0.07445095582741557,train,0.42483864849291947
831,10,speiser,10.0,3,corr,0.08644453130810209,train,0.5231439635738121
832,11,speiser,11.0,3,corr,0.04382981997304847,train,0.49826373413940567
833,12,speiser,12.0,3,corr,0.0460406744623878,train,0.48152320366360807
834,0,oopsi,0.0,3,corr,-0.11193897544005357,train,0.15526410253876485
835,1,oopsi,1.0,3,corr,-0.045132147936153,train,0.49930288130456263
836,2,oopsi,2.0,3,corr,-0.18668798048255675,train,0.19529893332424503
837,3,oopsi,3.0,3,corr,-0.06406809565602331,train,0.11753499793015773
838,4,oopsi,4.0,3,corr,-0.05932119609875508,train,0.5232586888793328
839,5,oopsi,5.0,3,corr,-0.31502930664213247,train,0.19451848917380288
840,6,oopsi,6.0,3,corr,-0.1444800531645917,train,0.15488605919537154
841,7,oopsi,7.0,3,corr,-0.055246772930035326,train,0.4051783988756298
842,8,oopsi,8.0,3,corr,-0.10713021694379499,train,0.4419208590484224
843,9,oopsi,9.0,3,corr,-0.10869447398566462,train,0.24169321867983928
844,10,oopsi,10.0,3,corr,-0.03451501556286646,train,0.40218441670284355
845,11,oopsi,11.0,3,corr,-0.02788707895542647,train,0.42654683521093073
846,12,oopsi,12.0,3,corr,-0.05973047687665278,train,0.3757520523245675
847,0,stm,0.0,4,corr,,train,0.14018907996763386
848,1,stm,1.0,4,corr,,train,0.5051626245096205
849,2,stm,2.0,4,corr,,train,0.5756495124663297
850,3,stm,3.0,4,corr,,train,0.3798036903808482
851,4,stm,4.0,4,corr,,train,0.15550378280272184
852,5,stm,5.0,4,corr,,train,0.5616598296155518
853,0,chenkov,0.0,4,corr,0.05557194524363984,train,0.1957610252112737
854,1,chenkov,1.0,4,corr,0.0526621882819287,train,0.5578248127915492
855,2,chenkov,2.0,4,corr,0.06974744858633442,train,0.6453969610526641
856,3,chenkov,3.0,4,corr,0.18896064273087626,train,0.5687643331117245
857,4,chenkov,4.0,4,corr,0.10655238536650616,train,0.262056168169228
858,5,chenkov,5.0,4,corr,0.043801094259636186,train,0.605460923875188
859,0,deneux,0.0,4,corr,0.061202877737986744,train,0.2013919577056206
860,1,deneux,1.0,4,corr,0.06542971157719091,train,0.5705923360868114
861,2,deneux,2.0,4,corr,0.08759240716320493,train,0.6632419196295346
862,3,deneux,3.0,4,corr,0.22990491696833032,train,0.6097086073491785
863,4,deneux,4.0,4,corr,0.11308914056251887,train,0.2685929233652407
864,5,deneux,5.0,4,corr,0.023843572562308957,train,0.5855034021778608
865,0,friedrich,0.0,4,corr,0.046497231764352914,train,0.18668631173198677
866,1,friedrich,1.0,4,corr,0.06334635580872361,train,0.5685089803183441
867,2,friedrich,2.0,4,corr,0.055346085432240066,train,0.6309955978985697
868,3,friedrich,3.0,4,corr,0.18137745432552205,train,0.5611811447063703
869,4,friedrich,4.0,4,corr,0.07402394340511922,train,0.22952772620784107
870,5,friedrich,5.0,4,corr,0.04700880707721944,train,0.6086686366927713
871,0,machado,0.0,4,corr,0.04781910174709278,train,0.18800818171472664
872,1,machado,1.0,4,corr,0.022558214921885922,train,0.5277208394315064
873,2,machado,2.0,4,corr,0.014147067189053453,train,0.5897965796553831
874,3,machado,3.0,4,corr,0.15716378678611403,train,0.5369674771669622
875,4,machado,4.0,4,corr,0.06581511129462267,train,0.2213188940973445
876,5,machado,5.0,4,corr,-0.012070992786467727,train,0.5495888368290841
877,0,mineault,0.0,4,corr,0.11007227837020467,train,0.2502613583378385
878,1,mineault,1.0,4,corr,0.10554214641415538,train,0.6107047709237758
879,2,mineault,2.0,4,corr,0.117718086979128,train,0.6933675994454577
880,3,mineault,3.0,4,corr,0.3595435808326301,train,0.7393472712134783
881,4,mineault,4.0,4,corr,0.19495405521871265,train,0.3504578380214345
882,5,mineault,5.0,4,corr,0.09091772618687011,train,0.6525775558024219
883,0,pachitariu,0.0,4,corr,0.04338879487025174,train,0.1835778748378856
884,1,pachitariu,1.0,4,corr,0.036916807208729585,train,0.54207943171835
885,2,pachitariu,2.0,4,corr,0.008876735407169045,train,0.5845262478734987
886,3,pachitariu,3.0,4,corr,0.03859742679249917,train,0.4184011171733474
887,4,pachitariu,4.0,4,corr,0.044286970145186344,train,0.19979075294790818
888,5,pachitariu,5.0,4,corr,0.026837731598866377,train,0.5884975612144182
889,0,ringach,0.0,4,corr,-0.009047690885677417,train,0.13114138908195644
890,1,ringach,1.0,4,corr,-0.08733043354309133,train,0.4178321909665291
891,2,ringach,2.0,4,corr,-0.09877890808439893,train,0.47687060438193074
892,3,ringach,3.0,4,corr,0.07170415268989883,train,0.45150784307074704
893,4,ringach,4.0,4,corr,-0.009934307037991974,train,0.14556947576472987
894,5,ringach,5.0,4,corr,-0.14564565657239908,train,0.41601417304315275
895,0,rupprecht,0.0,4,corr,0.08604676030147226,train,0.22623584026910612
896,1,rupprecht,1.0,4,corr,0.0672939403024998,train,0.5724565648121203
897,2,rupprecht,2.0,4,corr,0.058563910351556836,train,0.6342134228178865
898,3,rupprecht,3.0,4,corr,0.23856808649185052,train,0.6183717768726987
899,4,rupprecht,4.0,4,corr,0.13816221441761786,train,0.2936659972203397
900,5,rupprecht,5.0,4,corr,0.0601917363829082,train,0.62185156599846
901,0,speiser,0.0,4,corr,0.07797682355984298,train,0.21816590352747683
902,1,speiser,1.0,4,corr,0.009787794059197386,train,0.5149504185688178
903,2,speiser,2.0,4,corr,0.07085683118466302,train,0.6465063436509927
904,3,speiser,3.0,4,corr,0.17744661880706475,train,0.557250309187913
905,4,speiser,4.0,4,corr,0.19890938395531657,train,0.3544131667580384
906,5,speiser,5.0,4,corr,-0.01787995229904682,train,0.543779877316505
907,0,oopsi,0.0,4,corr,-0.03697708378685724,train,0.10321199618077662
908,1,oopsi,1.0,4,corr,-0.1341952421931898,train,0.37096738231643067
909,2,oopsi,2.0,4,corr,-0.23653314343996396,train,0.3391163690263657
910,3,oopsi,3.0,4,corr,-0.08556469335437739,train,0.2942389970264708
911,4,oopsi,4.0,4,corr,-0.06334433725989101,train,0.09215944554283083
912,5,oopsi,5.0,4,corr,-0.17350136209874106,train,0.38815846751681077
913,0,stm,0.0,5,corr,,train,0.1856551938129639
914,1,stm,1.0,5,corr,,train,0.1762987456133311
915,2,stm,2.0,5,corr,,train,0.5667077888629897
916,3,stm,3.0,5,corr,,train,0.42061349022763633
917,4,stm,4.0,5,corr,,train,0.4050300896904155
918,5,stm,5.0,5,corr,,train,0.27639543085457463
919,6,stm,6.0,5,corr,,train,0.3588243160900826
920,7,stm,7.0,5,corr,,train,0.2824020624215509
921,8,stm,8.0,5,corr,,train,0.09119664843277135
922,0,chenkov,0.0,5,corr,0.21687573492806492,train,0.4025309287410288
923,1,chenkov,1.0,5,corr,0.19880184794457845,train,0.37510059355790953
924,2,chenkov,2.0,5,corr,-0.029903344739881765,train,0.5368044441231079
925,3,chenkov,3.0,5,corr,0.09551353743567287,train,0.5161270276633092
926,4,chenkov,4.0,5,corr,0.17385288462964105,train,0.5788829743200565
927,5,chenkov,5.0,5,corr,0.24422027637454102,train,0.5206157072291157
928,6,chenkov,6.0,5,corr,0.18452671237635376,train,0.5433510284664363
929,7,chenkov,7.0,5,corr,0.2110652359239925,train,0.4934672983455434
930,8,chenkov,8.0,5,corr,0.1566829701255429,train,0.24787961855831425
931,0,deneux,0.0,5,corr,0.22050488446051367,train,0.40616007827347755
932,1,deneux,1.0,5,corr,0.209341874686434,train,0.3856406202997651
933,2,deneux,2.0,5,corr,0.013829808178670966,train,0.5805375970416606
934,3,deneux,3.0,5,corr,0.11183734082209701,train,0.5324508310497333
935,4,deneux,4.0,5,corr,0.18357550343089651,train,0.588605593121312
936,5,deneux,5.0,5,corr,0.2674423641929431,train,0.5438377950475177
937,6,deneux,6.0,5,corr,0.2115662265295024,train,0.570390542619585
938,7,deneux,7.0,5,corr,0.22193220024354027,train,0.5043342626650912
939,8,deneux,8.0,5,corr,0.12835376915681496,train,0.2195504175895863
940,0,friedrich,0.0,5,corr,0.20356048064995583,train,0.3892156744629197
941,1,friedrich,1.0,5,corr,0.20952518779931184,train,0.3858239334126429
942,2,friedrich,2.0,5,corr,0.014069642317457443,train,0.5807774311804471
943,3,friedrich,3.0,5,corr,0.1000348309420947,train,0.520648321169731
944,4,friedrich,4.0,5,corr,0.20811877257994266,train,0.6131488622703581
945,5,friedrich,5.0,5,corr,0.2602204297539803,train,0.5366158606085549
946,6,friedrich,6.0,5,corr,0.20771843057954642,train,0.566542746669629
947,7,friedrich,7.0,5,corr,0.2310849507099833,train,0.5134870131315342
948,8,friedrich,8.0,5,corr,0.13020619511860437,train,0.22140284355137574
949,0,machado,0.0,5,corr,0.10455130393473902,train,0.2902064977477029
950,1,machado,1.0,5,corr,0.08790220672021531,train,0.2642009523335464
951,2,machado,2.0,5,corr,-0.12054062987074216,train,0.4461671589922475
952,3,machado,3.0,5,corr,0.05003297031922854,train,0.4706464605468649
953,4,machado,4.0,5,corr,0.08820614266938603,train,0.4932362323598015
954,5,machado,5.0,5,corr,0.12329856295816555,train,0.3996939938127402
955,6,machado,6.0,5,corr,0.07804625525466513,train,0.4368705713447477
956,7,machado,7.0,5,corr,0.11073761629046996,train,0.3931396787120209
957,8,machado,8.0,5,corr,0.07869321878084053,train,0.16988986721361188
958,0,mineault,0.0,5,corr,0.287292414710423,train,0.4729476085233869
959,1,mineault,1.0,5,corr,0.1971854468574702,train,0.3734841924708013
960,2,mineault,2.0,5,corr,0.06313344611756433,train,0.629841234980554
961,3,mineault,3.0,5,corr,0.12287864113209451,train,0.5434921313597308
962,4,mineault,4.0,5,corr,0.35266150515869216,train,0.7576915948491076
963,5,mineault,5.0,5,corr,0.3437309768243084,train,0.620126407678883
964,6,mineault,6.0,5,corr,0.2781230378264784,train,0.636947353916561
965,7,mineault,7.0,5,corr,0.27667419147221,train,0.5590762538937609
966,8,mineault,8.0,5,corr,0.22645821605534477,train,0.31765486448811614
967,0,pachitariu,0.0,5,corr,0.1859920606525465,train,0.3716472544655104
968,1,pachitariu,1.0,5,corr,0.15913063882537476,train,0.33542938443870585
969,2,pachitariu,2.0,5,corr,-0.01171251837683085,train,0.5549952704861588
970,3,pachitariu,3.0,5,corr,0.053619909561983925,train,0.47423339978962026
971,4,pachitariu,4.0,5,corr,0.1669332573202989,train,0.5719633470107144
972,5,pachitariu,5.0,5,corr,0.22270130361312507,train,0.4990967344676997
973,6,pachitariu,6.0,5,corr,0.17072591810918536,train,0.5295502341992679
974,7,pachitariu,7.0,5,corr,0.20037560619977812,train,0.48277766862132904
975,8,pachitariu,8.0,5,corr,0.13327469124920965,train,0.224471339681981
976,0,ringach,0.0,5,corr,0.1302775216976472,train,0.3159327155106111
977,1,ringach,1.0,5,corr,0.14175672635937198,train,0.31805547197270306
978,2,ringach,2.0,5,corr,-0.1894673012759509,train,0.37724048758703876
979,3,ringach,3.0,5,corr,0.03001101201846501,train,0.45062450224610134
980,4,ringach,4.0,5,corr,0.05758653773971556,train,0.46261662743013104
981,5,ringach,5.0,5,corr,0.13190091266062298,train,0.4082963435151976
982,6,ringach,6.0,5,corr,0.06910814932306636,train,0.42793246541314894
983,7,ringach,7.0,5,corr,0.11858132142669608,train,0.400983383848247
984,8,ringach,8.0,5,corr,0.07213878468193137,train,0.16333543311470272
985,0,rupprecht,0.0,5,corr,0.23227069386335877,train,0.41792588767632266
986,1,rupprecht,1.0,5,corr,0.22354039718964708,train,0.39983914280297816
987,2,rupprecht,2.0,5,corr,0.03478683755467693,train,0.6014946264176666
988,3,rupprecht,3.0,5,corr,0.11132211887688442,train,0.5319356091045208
989,4,rupprecht,4.0,5,corr,0.21496025117117817,train,0.6199903408615937
990,5,rupprecht,5.0,5,corr,0.25868784050561255,train,0.5350832713601872
991,6,rupprecht,6.0,5,corr,0.2053138523354786,train,0.5641381684255612
992,7,rupprecht,7.0,5,corr,0.23345668423137195,train,0.5158587466529229
993,8,rupprecht,8.0,5,corr,0.18648775129108486,train,0.2776843997238562
994,0,speiser,0.0,5,corr,0.24153572777204527,train,0.42719092158500915
995,1,speiser,1.0,5,corr,0.19597897529724995,train,0.37227772091058103
996,2,speiser,2.0,5,corr,-0.07802474374694962,train,0.48868304511604005
997,3,speiser,3.0,5,corr,0.09276204850272168,train,0.513375538730358
998,4,speiser,4.0,5,corr,0.14180276987609203,train,0.5468328595665075
999,5,speiser,5.0,5,corr,0.2813519280730088,train,0.5577473589275834
1000,6,speiser,6.0,5,corr,0.20604658803276987,train,0.5648709041228525
1001,7,speiser,7.0,5,corr,0.2381704406913437,train,0.5205725031128946
1002,8,speiser,8.0,5,corr,0.1631062059461557,train,0.2543028543789271
1003,0,oopsi,0.0,5,corr,-0.09033710725419898,train,0.0953180865587649
1004,1,oopsi,1.0,5,corr,-0.09161278896089799,train,0.0846859566524331
1005,2,oopsi,2.0,5,corr,-0.25937230067356065,train,0.307335488189429
1006,3,oopsi,3.0,5,corr,-0.18245324128583187,train,0.23816024894180446
1007,4,oopsi,4.0,5,corr,-0.13453361303692424,train,0.27049647665349125
1008,5,oopsi,5.0,5,corr,-0.10313277059181769,train,0.17326266026275694
1009,6,oopsi,6.0,5,corr,-0.11899662830292651,train,0.23982768778715607
1010,7,oopsi,7.0,5,corr,-0.068398575016414,train,0.21400348740513692
1011,8,oopsi,8.0,5,corr,-0.045308827730951746,train,0.045887820701819605
